{"cameraMode":{"drawMode":0,"name":"Shaded","section":"Shading Mode"},"sceneLighting":true,"audioPlay":false,"sceneViewState":{"showFog":true,"showMaterialUpdate":true,"showSkybox":true,"showFlares":true,"showImageEffects":true,"showParticleSystems":true},"in2DMode":false,"pivot":{"x":0.7399868965148926,"y":1.1867661476135255,"z":0.5852413177490234},"rotation":{"x":-0.16162967681884767,"y":-0.21829700469970704,"z":0.03666720166802406,"w":-0.9617398381233215},"size":5.949753761291504,"orthographic":false}