{"cameraMode":{"drawMode":0,"name":"Shaded","section":"Shading Mode"},"sceneLighting":false,"audioPlay":false,"sceneViewState":{"showFog":false,"showMaterialUpdate":false,"showSkybox":false,"showFlares":false,"showImageEffects":false,"showParticleSystems":false},"in2DMode":false,"pivot":{"x":1.6069549322128297,"y":0.6723628640174866,"z":1.4057033061981202},"rotation":{"x":-0.05240456387400627,"y":0.9467640519142151,"z":-0.20328132808208466,"w":-0.24407562613487245},"size":3.6179540157318117,"orthographic":false}